{
    "version": "1.0", 
    "reports": [
        {
            "cohorts": [], 
            "elements": {
                "fldimp": {
                    "cohorts": [], 
                    "current": {
                        "percentage": 50.0, 
                        "name": "2014", 
                        "value": 5.7894736842105274
                    }, 
                    "segmentations": [], 
                    "past_results": [], 
                    "type": "percentileChart", 
                    "absolutes": {
                        "50%": 5.7894736842105274, 
                        "max": 6.0727272727272723, 
                        "25%": 5.7589743589743589, 
                        "75%": 5.8506493506493502, 
                        "min": 5.0
                    }
                }, 
                "undrfld": {
                    "cohorts": [], 
                    "current": {
                        "percentage": 61.111111111111114, 
                        "name": "2014", 
                        "value": 5.7190476190476192
                    }, 
                    "segmentations": [], 
                    "past_results": [], 
                    "type": "percentileChart", 
                    "absolutes": {
                        "50%": 5.6969696969696972, 
                        "max": 6.1851851851851851, 
                        "25%": 5.5161290322580649, 
                        "75%": 5.7392739273927393, 
                        "min": 4.5686274509803919
                    }
                }, 
                "advknow": {
                    "cohorts": [], 
                    "current": {
                        "percentage": 50.0, 
                        "name": "2014", 
                        "value": 5.1640211640211637
                    }, 
                    "segmentations": [], 
                    "past_results": [], 
                    "type": "percentileChart", 
                    "absolutes": {
                        "50%": 5.1640211640211637, 
                        "max": 5.6202090592334484, 
                        "25%": 4.666666666666667, 
                        "75%": 5.3018867924528301, 
                        "min": 3.7272727272727271
                    }
                }, 
                "pubpol": {
                    "cohorts": [], 
                    "current": {
                        "percentage": 61.111111111111114, 
                        "name": "2014", 
                        "value": 4.875
                    }, 
                    "segmentations": [], 
                    "past_results": [], 
                    "type": "percentileChart", 
                    "absolutes": {
                        "50%": 4.6827586206896559, 
                        "max": 5.2222222222222223, 
                        "25%": 4.291666666666667, 
                        "75%": 4.9500000000000002, 
                        "min": 3.3947368421052637
                    }
                }, 
                "comimp": {
                    "cohorts": [], 
                    "current": {
                        "percentage": 38.888888888888886, 
                        "name": "2014", 
                        "value": 5.7445652173913047
                    }, 
                    "segmentations": [], 
                    "past_results": [], 
                    "type": "percentileChart", 
                    "absolutes": {
                        "50%": 5.7875647668393775, 
                        "max": 6.5151515151515156, 
                        "25%": 5.7307692307692308, 
                        "75%": 6.2045454545454541, 
                        "min": 4.77056277056277
                    }
                }, 
                "undrwr": {
                    "cohorts": [], 
                    "current": {
                        "percentage": 27.777777777777771, 
                        "name": "2014", 
                        "value": 5.6956521739130439
                    }, 
                    "segmentations": [], 
                    "past_results": [], 
                    "type": "percentileChart", 
                    "absolutes": {
                        "50%": 5.7823834196891193, 
                        "max": 6.580645161290323, 
                        "25%": 5.6956521739130439, 
                        "75%": 6.0, 
                        "min": 5.1703056768558948
                    }
                }, 
                "undrsoc": {
                    "cohorts": [], 
                    "current": {
                        "percentage": 61.111111111111114, 
                        "name": "2014", 
                        "value": 5.8894009216589858
                    }, 
                    "segmentations": [], 
                    "past_results": [], 
                    "type": "percentileChart", 
                    "absolutes": {
                        "50%": 5.8200000000000003, 
                        "max": 6.1818181818181817, 
                        "25%": 5.6842105263157885, 
                        "75%": 5.9285714285714288, 
                        "min": 4.9423076923076925
                    }
                }, 
                "orgimp": {
                    "cohorts": [], 
                    "current": {
                        "percentage": 83.333333333333329, 
                        "name": "2014", 
                        "value": 6.253393665158371
                    }, 
                    "segmentations": [], 
                    "past_results": [], 
                    "type": "percentileChart", 
                    "absolutes": {
                        "50%": 6.1315789473684212, 
                        "max": 6.2727272727272725, 
                        "25%": 5.9428571428571431, 
                        "75%": 6.1764705882352944, 
                        "min": 5.7333333333333325
                    }
                }, 
                "impsust": {
                    "cohorts": [], 
                    "current": {
                        "percentage": 50.0, 
                        "name": "2014", 
                        "value": 5.3467336683417086
                    }, 
                    "segmentations": [], 
                    "past_results": [], 
                    "type": "percentileChart", 
                    "absolutes": {
                        "50%": 5.3467336683417086, 
                        "max": 5.8709677419354831, 
                        "25%": 5.192982456140351, 
                        "75%": 5.4523809523809526, 
                        "min": 4.7999999999999998
                    }
                }
            }, 
            "segmentations": [], 
            "name": "Tremont 14S", 
            "title": "Tremont 14S"
        }
    ]
}