"","fldimp","undrfld","advknow","pubpol","comimp","undrwr","undrsoc","orgimp","undrorg"
"count",9,9,9,9,9,9,9,9,9
"mean",5.68374044948057,5.58807443901619,4.97762472960367,4.56156874452391,5.82343706744588,5.84787311281643,5.75032913801202,6.05791458772567,5.74041091162247
"std",0.34553732421155,0.442794207379412,0.572736041538165,0.559015304128694,0.511295774874028,0.445496982350451,0.363424082212512,0.194831742041727,0.326091263397689
"min",5,4.56862745098039,3.72727272727273,3.39473684210526,4.77056277056277,5.17030567685589,4.94230769230769,5.73333333333333,5.13725490196078
"25%",5.75897435897436,5.51612903225806,4.66666666666667,4.29166666666667,5.73076923076923,5.69565217391304,5.68421052631579,5.94285714285714,5.64444444444444
"50%",5.78947368421053,5.6969696969697,5.16402116402116,4.68275862068965,5.78756476683938,5.78238341968912,5.82,6.13157894736842,5.69480519480519
"75%",5.85064935064935,5.73927392739274,5.30188679245283,4.95,6.20454545454545,6,5.92857142857143,6.17647058823529,5.91219512195122
"max",6.07272727272727,6.18518518518519,5.62020905923345,5.22222222222222,6.51515151515152,6.58064516129032,6.18181818181818,6.27272727272727,6.24528301886792
